Name,Link,MRP,DiscountedPrice,DiscountPercent
Atta/Godihittu - Whole Wheat,https://www.bigbasket.com/pd/126906/aashirvaad-atta-whole-wheat-10-kg-pouch/?nc=cl-product-list&t_pg=l1-cat-food-oil-masala&t_p=foodgrain-oil-masala&t_s=cl-product-list&t_pos=3&t_ch=desktop,576,461,20
"Rice/Akki - Raw, Sona Masoori",https://www.bigbasket.com/pd/10000415/bb-royal-rice-raw-sona-masoori-5-kg-bag/?nc=cl-product-list&t_pg=l1-cat-food-oil-masala&t_p=foodgrain-oil-masala&t_s=cl-product-list&t_pos=3&t_ch=desktop,350,295,16
"Rice/Akki - Raw, Sona Masoori, 12-17 Months Old",https://www.bigbasket.com/pd/10000404/bb-royal-rice-raw-sona-masoori-12-17-months-old-10-kg-bag/?nc=cl-product-list&t_pg=l1-cat-food-oil-masala&t_p=foodgrain-oil-masala&t_s=cl-product-list&t_pos=3&t_ch=desktop,700,587,16
Sona Masoori Raw Rice/Akki,https://www.bigbasket.com/pd/20001214/bb-royal-sona-masoori-raw-rice-25-kg-bag/?nc=cl-product-list&t_pg=l1-cat-food-oil-masala&t_p=foodgrain-oil-masala&t_s=cl-product-list&t_pos=3&t_ch=desktop,1750,1464,16
Refined - Sunflower Oil,https://www.bigbasket.com/pd/40054142/sunpure-refined-sunflower-oil-1-l-pet-bottle/?nc=cl-product-list&t_pg=l1-cat-food-oil-masala&t_p=foodgrain-oil-masala&t_s=cl-product-list&t_pos=3&t_ch=desktop,205,144,30
Toor Dal/Togari Bele - Desi,https://www.bigbasket.com/pd/40042841/bb-royal-toor-dalarhar-dal-desi-5-kg-pouch/?nc=cl-product-list&t_pg=l1-cat-food-oil-masala&t_p=foodgrain-oil-masala&t_s=cl-product-list&t_pos=3&t_ch=desktop,975,761,22
Cumin/Jeera/Jeerige - Whole,https://www.bigbasket.com/pd/40030808/bb-royal-cuminjeera-whole-1-kg/?nc=cl-product-list&t_pg=l1-cat-food-oil-masala&t_p=foodgrain-oil-masala&t_s=cl-product-list&t_pos=3&t_ch=desktop,1000,464,54
Sooji/Bombay Rava,https://www.bigbasket.com/pd/10000423/bb-royal-sooji-ordinarybombay-rava-1-kg-pouch/?nc=cl-product-list&t_pg=l1-cat-food-oil-masala&t_p=foodgrain-oil-masala&t_s=cl-product-list&t_pos=3&t_ch=desktop,65,48,26
Sunflower Refined Oil - Sun Lite,https://www.bigbasket.com/pd/1204455/fortune-sunflower-refined-oil-sun-lite-3x910-g/?nc=cl-product-list&t_pg=l1-cat-food-oil-masala&t_p=foodgrain-oil-masala&t_s=cl-product-list&t_pos=3&t_ch=desktop,420,381,39
"Sona Masoori Raw Rice/Akki - Super Premium, 12 + Months Old",https://www.bigbasket.com/pd/20005940/bb-royal-sona-masoori-rice-raw-rice-super-premium-12-months-old-25-kg-bag/?nc=cl-product-list&t_pg=l1-cat-food-oil-masala&t_p=foodgrain-oil-masala&t_s=cl-product-list&t_pos=3&t_ch=desktop,1875,1479,21
Sugar/Sakkare,https://www.bigbasket.com/pd/30005417/bb-popular-sugar-5-kg/?nc=cl-product-list&t_pg=l1-cat-food-oil-masala&t_p=foodgrain-oil-masala&t_s=cl-product-list&t_pos=3&t_ch=desktop,275,219,20
Urad Dal/Uddina Bele - Split,https://www.bigbasket.com/pd/30010377/bb-popular-urad-dal-split-1-kg-pouch/?nc=cl-product-list&t_pg=l1-cat-food-oil-masala&t_p=foodgrain-oil-masala&t_s=cl-product-list&t_pos=3&t_ch=desktop,200,143,29
Toor Dal/Togari Bele,https://www.bigbasket.com/pd/40000291/tata-sampann-unpolished-toor-dalarhar-dal-1-kg-pouch/?nc=cl-product-list&t_pg=l1-cat-food-oil-masala&t_p=foodgrain-oil-masala&t_s=cl-product-list&t_pos=3&t_ch=desktop,199,145,27
Fried Gram/Huri Kadale,https://www.bigbasket.com/pd/20000541/bb-royal-fried-grambengal-gram-200-g-pouch/?nc=cl-product-list&t_pg=l1-cat-food-oil-masala&t_p=foodgrain-oil-masala&t_s=cl-product-list&t_pos=3&t_ch=desktop,40,26,35
Peanuts/Kadalekayi - Raw,https://www.bigbasket.com/pd/30000120/bb-royal-peanutsmungaphalishengdana-raw-200-g-pouch/?nc=cl-product-list&t_pg=l1-cat-food-oil-masala&t_p=foodgrain-oil-masala&t_s=cl-product-list&t_pos=3&t_ch=desktop,50,37,26
Refined - Sunflower Oil,https://www.bigbasket.com/pd/40054142/sunpure-refined-sunflower-oil-1-l-pet-bottle/?nc=cl-product-list&t_pg=l1-cat-food-oil-masala&t_p=foodgrain-oil-masala&t_s=cl-product-list&t_pos=3&t_ch=desktop,205,144,30
Peanuts/Kadalekayi - Raw,https://www.bigbasket.com/pd/30010384/bb-popular-peanutsmungaphali-raw-200-g-pouch/?nc=cl-product-list&t_pg=l1-cat-food-oil-masala&t_p=foodgrain-oil-masala&t_s=cl-product-list&t_pos=3&t_ch=desktop,47,35,26
"Sugar - Pure & Hygienic, Fine Grain, Natural, Sulphur Free",https://www.bigbasket.com/pd/40253564/madhur-sugar-pure-hygienic-fine-grain-natural-sulphur-free-5-kg/?nc=cl-product-list&t_pg=l1-cat-food-oil-masala&t_p=foodgrain-oil-masala&t_s=cl-product-list&t_pos=3&t_ch=desktop,295,236,20
Cashew/Godambi - Whole,https://www.bigbasket.com/pd/10000551/bb-popular-cashewkaju-whole-500-g/?nc=cl-product-list&t_pg=l1-cat-food-oil-masala&t_p=foodgrain-oil-masala&t_s=cl-product-list&t_pos=3&t_ch=desktop,750,400,47
Pooja Oil,https://www.bigbasket.com/pd/40141965/anandam-pooja-oil-900-g/?nc=cl-product-list&t_pg=l1-cat-food-oil-masala&t_p=foodgrain-oil-masala&t_s=cl-product-list&t_pos=3&t_ch=desktop,180,139,23
Vacuum Evaporated Iodised Salt - Helps Mental Development,https://www.bigbasket.com/pd/241600/tata-salt-iodized-1-kg-pouch/?nc=cl-product-list&t_pg=l1-cat-food-oil-masala&t_p=foodgrain-oil-masala&t_s=cl-product-list&t_pos=3&t_ch=desktop,28,24.50,13
Atta - Whole Wheat 5 kg + Iodised Salt 1 kg,https://www.bigbasket.com/pd/1220743/aashirvaad-atta-whole-wheat-5-kg-iodised-salt-1-kg-combo-pouch/?nc=cl-product-list&t_pg=l1-cat-food-oil-masala&t_p=foodgrain-oil-masala&t_s=cl-product-list&t_pos=3&t_ch=desktop,346,297,14
Atta - Whole Wheat 10 kg + Iodised Salt 1 kg,https://www.bigbasket.com/pd/1220742/aashirvaad-atta-whole-wheat-10-kg-iodised-salt-1-kg-combo-pouch/?nc=cl-product-list&t_pg=l1-cat-food-oil-masala&t_p=foodgrain-oil-masala&t_s=cl-product-list&t_pos=3&t_ch=desktop,604,482,20
Refined Sugar (Sulphurless)/Sakkare,https://www.bigbasket.com/pd/10000407/bb-royal-refined-sugar-sulphurless-5-kg/?nc=cl-product-list&t_pg=l1-cat-food-oil-masala&t_p=foodgrain-oil-masala&t_s=cl-product-list&t_pos=3&t_ch=desktop,300,231,23
Poha/Avalakki/Aval/Chivda- Thick,https://www.bigbasket.com/pd/10000431/bb-royal-pohaavalakkiavalchivda-thick-1-kg-pouch/?nc=cl-product-list&t_pg=l1-cat-food-oil-masala&t_p=foodgrain-oil-masala&t_s=cl-product-list&t_pos=3&t_ch=desktop,100,63,37
Organic - Toor Dal/Togari Bele,https://www.bigbasket.com/pd/40075469/bb-royal-organic-turtoor-dal-2-kg/?nc=cl-product-list&t_pg=l1-cat-food-oil-masala&t_p=foodgrain-oil-masala&t_s=cl-product-list&t_pos=3&t_ch=desktop,419,312,26
Ghee/Tuppa,https://www.bigbasket.com/pd/252429/grb-ghee-500-ml-bottle/?nc=cl-product-list&t_pg=l1-cat-food-oil-masala&t_p=foodgrain-oil-masala&t_s=cl-product-list&t_pos=3&t_ch=desktop,425,383,42
Ghee/Tuppa,https://www.bigbasket.com/pd/252429/grb-ghee-500-ml-bottle/?nc=cl-product-list&t_pg=l1-cat-food-oil-masala&t_p=foodgrain-oil-masala&t_s=cl-product-list&t_pos=3&t_ch=desktop,425,383,42
Moong Dal/Hesaru Bele,https://www.bigbasket.com/pd/40053931/bb-royal-moong-dal-2-kg-pouch/?nc=cl-product-list&t_pg=l1-cat-food-oil-masala&t_p=foodgrain-oil-masala&t_s=cl-product-list&t_pos=3&t_ch=desktop,400,303,24
"Select Sharbati Atta - Rich In Nutrients, For Soft & Fluffy Roti",https://www.bigbasket.com/pd/40236231/aashirvaad-select-sharbati-atta-100-mp-whole-wheat-rotis-stay-softer-for-longer-10-kg/?nc=cl-product-list&t_pg=l1-cat-food-oil-masala&t_p=foodgrain-oil-masala&t_s=cl-product-list&t_pos=3&t_ch=desktop,680,578,15
Rice Flour,https://www.bigbasket.com/pd/10000458/bb-royal-rice-flour-1-kg-pouch/?nc=cl-product-list&t_pg=l1-cat-food-oil-masala&t_p=foodgrain-oil-masala&t_s=cl-product-list&t_pos=3&t_ch=desktop,60,42,30
Moong Dal/Hesaru Bele,https://www.bigbasket.com/pd/40044731/bb-popular-moong-dal-2-kg-pouch/?nc=cl-product-list&t_pg=l1-cat-food-oil-masala&t_p=foodgrain-oil-masala&t_s=cl-product-list&t_pos=3&t_ch=desktop,380,295,22
"Almond/Badam - Californian, Giri",https://www.bigbasket.com/pd/10000549/bb-popular-almondbadam-californian-giri-500-g-pouch/?nc=cl-product-list&t_pg=l1-cat-food-oil-masala&t_p=foodgrain-oil-masala&t_s=cl-product-list&t_pos=3&t_ch=desktop,600,334,44
Bansi Sooji/Kesari Rava,https://www.bigbasket.com/pd/40018904/bb-royal-bansi-sooji-1-kg-pouch/?nc=cl-product-list&t_pg=l1-cat-food-oil-masala&t_p=foodgrain-oil-masala&t_s=cl-product-list&t_pos=3&t_ch=desktop,75,55,27
"Rice/Akki - Raw, Sona Masoori",https://www.bigbasket.com/pd/20001215/bb-popular-rice-raw-sona-masoori-25-kg-bag/?nc=cl-product-list&t_pg=l1-cat-food-oil-masala&t_p=foodgrain-oil-masala&t_s=cl-product-list&t_pos=3&t_ch=desktop,1625,1328,18
Chana Dal/Kadale Bele,https://www.bigbasket.com/pd/40042838/bb-royal-channa-dal-2-kg-pouch/?nc=cl-product-list&t_pg=l1-cat-food-oil-masala&t_p=foodgrain-oil-masala&t_s=cl-product-list&t_pos=3&t_ch=desktop,240,189,21
Maida,https://www.bigbasket.com/pd/40044729/bb-royal-maida-2-kg-pouch/?nc=cl-product-list&t_pg=l1-cat-food-oil-masala&t_p=foodgrain-oil-masala&t_s=cl-product-list&t_pos=3&t_ch=desktop,130,89,32
Organic - Brown Sugar/Sakkare,https://www.bigbasket.com/pd/40075302/bb-royal-organic-brown-sugar-1-kg/?nc=cl-product-list&t_pg=l1-cat-food-oil-masala&t_p=foodgrain-oil-masala&t_s=cl-product-list&t_pos=3&t_ch=desktop,119,78,34
Fenugreek/Methi,https://www.bigbasket.com/pd/40085023/bb-popular-fenugreekmethi-500-g/?nc=cl-product-list&t_pg=l1-cat-food-oil-masala&t_p=foodgrain-oil-masala&t_s=cl-product-list&t_pos=3&t_ch=desktop,150,62.50,58
Sugar/Sakkare - White Label,https://www.bigbasket.com/pd/40004538/parrys-sugar-white-label-1-kg-pouch/?nc=cl-product-list&t_pg=l1-cat-food-oil-masala&t_p=foodgrain-oil-masala&t_s=cl-product-list&t_pos=3&t_ch=desktop,60,45,25
Moong Dal/Hesaru Bele,https://www.bigbasket.com/pd/30002287/tata-sampann-unpolished-moong-dal-1-kg-pouch/?nc=cl-product-list&t_pg=l1-cat-food-oil-masala&t_p=foodgrain-oil-masala&t_s=cl-product-list&t_pos=3&t_ch=desktop,175,146,17
Idli/Idly Rice,https://www.bigbasket.com/pd/60000022/bb-royal-idli-rice-10-kg-bag/?nc=cl-product-list&t_pg=l1-cat-food-oil-masala&t_p=foodgrain-oil-masala&t_s=cl-product-list&t_pos=3&t_ch=desktop,650,489,25
Idli/Idly Rice,https://www.bigbasket.com/pd/60000022/bb-royal-idli-rice-10-kg-bag/?nc=cl-product-list&t_pg=l1-cat-food-oil-masala&t_p=foodgrain-oil-masala&t_s=cl-product-list&t_pos=3&t_ch=desktop,650,489,25
Atta with Multigrains - High Fibre,https://www.bigbasket.com/pd/40236230/aashirvaad-atta-with-multigrains-high-fibre-soft-rotis-10-kg/?nc=cl-product-list&t_pg=l1-cat-food-oil-masala&t_p=foodgrain-oil-masala&t_s=cl-product-list&t_pos=3&t_ch=desktop,720,612,15
"Atta Sharbati MP Whole Wheat - Rotis Stay Softer For Longer, Fortified",https://www.bigbasket.com/pd/40189429/bb-royal-superior-mp-sharbati-atta-fortified-10-kg-pouch/?nc=cl-product-list&t_pg=l1-cat-food-oil-masala&t_p=foodgrain-oil-masala&t_s=cl-product-list&t_pos=3&t_ch=desktop,650,474.50,27
"Atta Sharbati MP Whole Wheat - Rotis Stay Softer For Longer, Fortified",https://www.bigbasket.com/pd/40189429/bb-royal-superior-mp-sharbati-atta-fortified-10-kg-pouch/?nc=cl-product-list&t_pg=l1-cat-food-oil-masala&t_p=foodgrain-oil-masala&t_s=cl-product-list&t_pos=3&t_ch=desktop,650,474.50,27
"Atta Sharbati MP Whole Wheat - Rotis Stay Softer For Longer, Fortified",https://www.bigbasket.com/pd/40189429/bb-royal-superior-mp-sharbati-atta-fortified-10-kg-pouch/?nc=cl-product-list&t_pg=l1-cat-food-oil-masala&t_p=foodgrain-oil-masala&t_s=cl-product-list&t_pos=3&t_ch=desktop,650,474.50,27
Coriander Seeds/Kottambari Beeja,https://www.bigbasket.com/pd/40018894/bb-royal-corianderdhania-seeds-500-g/?nc=cl-product-list&t_pg=l1-cat-food-oil-masala&t_p=foodgrain-oil-masala&t_s=cl-product-list&t_pos=3&t_ch=desktop,250,130,48
Organic - Raw Peanuts/Kadalekayi,https://www.bigbasket.com/pd/40094998/bb-royal-organic-raw-peanuts-1-kg/?nc=cl-product-list&t_pg=l1-cat-food-oil-masala&t_p=foodgrain-oil-masala&t_s=cl-product-list&t_pos=3&t_ch=desktop,269,192,29
Urad Gota/Whole,https://www.bigbasket.com/pd/20000430/bb-royal-urad-gota-whole-2-kg-pouch/?nc=cl-product-list&t_pg=l1-cat-food-oil-masala&t_p=foodgrain-oil-masala&t_s=cl-product-list&t_pos=3&t_ch=desktop,420,304,28
Urad Gota/Whole,https://www.bigbasket.com/pd/20000430/bb-royal-urad-gota-whole-2-kg-pouch/?nc=cl-product-list&t_pg=l1-cat-food-oil-masala&t_p=foodgrain-oil-masala&t_s=cl-product-list&t_pos=3&t_ch=desktop,420,304,28
Oil - Gingelly,https://www.bigbasket.com/pd/148681/idhayam-oil-gingelly-1-l-pouch/?nc=cl-product-list&t_pg=l1-cat-food-oil-masala&t_p=foodgrain-oil-masala&t_s=cl-product-list&t_pos=3&t_ch=desktop,490,450,40
Black Pepper/Kari Menasu,https://www.bigbasket.com/pd/40073432/bb-popular-black-pepperkali-mirch-200-g-pouch/?nc=cl-product-list&t_pg=l1-cat-food-oil-masala&t_p=foodgrain-oil-masala&t_s=cl-product-list&t_pos=3&t_ch=desktop,280,169,40
Saffola Tasty-Pro Fitness Conscious Edible Oil 3x1L + BB Royal Cumin Whole 100g,https://www.bigbasket.com/pd/1208233/bb-combo-saffola-tasty-pro-fitness-conscious-edible-oil-3x1l-bb-royal-cumin-whole-100g-combo/?nc=cl-product-list&t_pg=l1-cat-food-oil-masala&t_p=foodgrain-oil-masala&t_s=cl-product-list&t_pos=3&t_ch=desktop,0,Rs,0
Red Chilli/Lal Mirch 200gm + Cumin/Jeera - Whole 200gm,https://www.bigbasket.com/pd/1203206/bb-royal-red-chillilal-mirch-200gm-cuminjeera-whole-200gm-combo/?nc=cl-product-list&t_pg=l1-cat-food-oil-masala&t_p=foodgrain-oil-masala&t_s=cl-product-list&t_pos=3&t_ch=desktop,340,194,43
Organic - Almond/Badam,https://www.bigbasket.com/pd/40101871/bb-royal-organic-almondbadam-500-g/?nc=cl-product-list&t_pg=l1-cat-food-oil-masala&t_p=foodgrain-oil-masala&t_s=cl-product-list&t_pos=3&t_ch=desktop,675,526,22
Gold Refined Cooking oil | Blended Rice Bran & Sunflower oil | Helps Keeps Heart Healthy,https://www.bigbasket.com/pd/147491/saffola-gold-refined-cooking-oil-blended-rice-bran-sunflower-oil-helps-keeps-heart-healthy-1-l-pouch/?nc=cl-product-list&t_pg=l1-cat-food-oil-masala&t_p=foodgrain-oil-masala&t_s=cl-product-list&t_pos=3&t_ch=desktop,200,157.50,21
Rice Bran Oil,https://www.bigbasket.com/pd/100647221/fortune-rice-bran-oil-1-l-pouch/?nc=cl-product-list&t_pg=l1-cat-food-oil-masala&t_p=foodgrain-oil-masala&t_s=cl-product-list&t_pos=3&t_ch=desktop,185,132,29
Urad Dal/Uddina Bele - Split,https://www.bigbasket.com/pd/30000126/bb-royal-urad-dal-split-200-g-pouch/?nc=cl-product-list&t_pg=l1-cat-food-oil-masala&t_p=foodgrain-oil-masala&t_s=cl-product-list&t_pos=3&t_ch=desktop,50,31,38
Toor/Arhar Dal,https://www.bigbasket.com/pd/10000412/bb-popular-toorarhar-dal-5-kg-pouch/?nc=cl-product-list&t_pg=l1-cat-food-oil-masala&t_p=foodgrain-oil-masala&t_s=cl-product-list&t_pos=3&t_ch=desktop,950,714,25
Refined - Sunflower Oil,https://www.bigbasket.com/pd/276757/dhara-refined-sunflower-oil-1-l-pouch/?nc=cl-product-list&t_pg=l1-cat-food-oil-masala&t_p=foodgrain-oil-masala&t_s=cl-product-list&t_pos=3&t_ch=desktop,235,129,45
Tamarind/Imli - Deseeded,https://www.bigbasket.com/pd/20000486/bb-royal-deseeded-tamarindimli-1-kg/?nc=cl-product-list&t_pg=l1-cat-food-oil-masala&t_p=foodgrain-oil-masala&t_s=cl-product-list&t_pos=3&t_ch=desktop,400,245,39
Refined Sunflower - Oil 5 L Can + BB Popular Sugar 1 kg,https://www.bigbasket.com/pd/1221865/sunpure-refined-sunflower-oil-5-l-can-bb-popular-sugar-1-kg-combo/?nc=cl-product-list&t_pg=l1-cat-food-oil-masala&t_p=foodgrain-oil-masala&t_s=cl-product-list&t_pos=3&t_ch=desktop,955,714,25
Tasty Refined Cooking oil | Blended Rice bran & Corn oil | Pro Fitness Conscious,https://www.bigbasket.com/pd/100554/saffola-tasty-refined-cooking-oil-blended-rice-bran-corn-oil-pro-fitness-conscious-1-l-pouch/?nc=cl-product-list&t_pg=l1-cat-food-oil-masala&t_p=foodgrain-oil-masala&t_s=cl-product-list&t_pos=3&t_ch=desktop,170,152,11
Mustard/Sasive/Rai - Small,https://www.bigbasket.com/pd/40030810/bb-royal-mustardrai-small-1-kg/?nc=cl-product-list&t_pg=l1-cat-food-oil-masala&t_p=foodgrain-oil-masala&t_s=cl-product-list&t_pos=3&t_ch=desktop,300,164,45
Chilli - Guntur with Stem,https://www.bigbasket.com/pd/40018885/bb-royal-chilli-guntur-with-stem-500-g/?nc=cl-product-list&t_pg=l1-cat-food-oil-masala&t_p=foodgrain-oil-masala&t_s=cl-product-list&t_pos=3&t_ch=desktop,350,238,32
Organic - Raisins/Ona Drakshi,https://www.bigbasket.com/pd/40072511/bb-royal-organic-raisinkismis-100-g/?nc=cl-product-list&t_pg=l1-cat-food-oil-masala&t_p=foodgrain-oil-masala&t_s=cl-product-list&t_pos=3&t_ch=desktop,69,51,26
Red Chilli/Lal Mirch 200g + Coriander/Dhania Seeds 200g + Cumin/Jeera Whole 200g,https://www.bigbasket.com/pd/1202595/bb-royal-red-chillilal-mirch-200g-corianderdhania-seeds-200g-cuminjeera-whole-200g-combo/?nc=cl-product-list&t_pg=l1-cat-food-oil-masala&t_p=foodgrain-oil-masala&t_s=cl-product-list&t_pos=3&t_ch=desktop,440,247,44
Fortune Premium Kachi Ghani Pure Mustard Oil,https://www.bigbasket.com/pd/276764/fortune-fortune-premium-kachi-ghani-pure-mustard-oil-500-ml-bottle/?nc=cl-product-list&t_pg=l1-cat-food-oil-masala&t_p=foodgrain-oil-masala&t_s=cl-product-list&t_pos=3&t_ch=desktop,108,87,19
Gold Palmolein Oil,https://www.bigbasket.com/pd/40018402/ruchi-gold-palmolein-oil-1-l/?nc=cl-product-list&t_pg=l1-cat-food-oil-masala&t_p=foodgrain-oil-masala&t_s=cl-product-list&t_pos=3&t_ch=desktop,136,99,27
"Sooji - Ordinary, 1 kg + Besan Flour, 1 kg + Maida, 1 kg",https://www.bigbasket.com/pd/1200526/bb-royal-sooji-ordinary-1-kg-besan-flour-1-kg-maida-1-kg-combo/?nc=cl-product-list&t_pg=l1-cat-food-oil-masala&t_p=foodgrain-oil-masala&t_s=cl-product-list&t_pos=3&t_ch=desktop,280,183,35
"Sooji - Ordinary, 1 kg + Besan Flour, 1 kg + Maida 1 kg",https://www.bigbasket.com/pd/1200637/bb-royal-sooji-ordinary-1-kg-besan-flour-1-kg-maida-1-kg-combo/?nc=cl-product-list&t_pg=l1-cat-food-oil-masala&t_p=foodgrain-oil-masala&t_s=cl-product-list&t_pos=3&t_ch=desktop,280,183,35
"Besan Flour, 500 gm + Maida, 500 gm + Sooji - Ordinary, 500 gm",https://www.bigbasket.com/pd/1200533/bb-royal-besan-flour-500-gm-maida-500-gm-sooji-ordinary-500-gm-combo/?nc=cl-product-list&t_pg=l1-cat-food-oil-masala&t_p=foodgrain-oil-masala&t_s=cl-product-list&t_pos=3&t_ch=desktop,141,94,33
Chana - Brown/Kadale Kaalu,https://www.bigbasket.com/pd/70001280/bb-popular-channa-brown-1-kg-pouch/?nc=cl-product-list&t_pg=l1-cat-food-oil-masala&t_p=foodgrain-oil-masala&t_s=cl-product-list&t_pos=3&t_ch=desktop,140,91,35
Rice/Akki - Dosa,https://www.bigbasket.com/pd/10000409/bb-royal-rice-dosa-5-kg-pouch/?nc=cl-product-list&t_pg=l1-cat-food-oil-masala&t_p=foodgrain-oil-masala&t_s=cl-product-list&t_pos=3&t_ch=desktop,300,224,25
New Rice/Akki - Sona Masoori,https://www.bigbasket.com/pd/40128964/bb-popular-new-rice-sona-masoori-5-kg/?nc=cl-product-list&t_pg=l1-cat-food-oil-masala&t_p=foodgrain-oil-masala&t_s=cl-product-list&t_pos=3&t_ch=desktop,275,252,23
Chiroti Sooji 1 kg + Ordinary Sooji 1 kg + Bansi Sooji 1 kg,https://www.bigbasket.com/pd/1202060/bb-royal-chiroti-sooji-1-kg-ordinary-sooji-1-kg-bansi-sooji-1-kg-combo/?nc=cl-product-list&t_pg=l1-cat-food-oil-masala&t_p=foodgrain-oil-masala&t_s=cl-product-list&t_pos=3&t_ch=desktop,205,156,24
Toor Dal/Arhar Dal - Rich In Protein + Unpolished Moong Dal - Premium 1 kg,https://www.bigbasket.com/pd/1221501/tata-sampann-toor-dalarhar-dal-rich-in-protein-unpolished-moong-dal-premium-1-kg-combo/?nc=cl-product-list&t_pg=l1-cat-food-oil-masala&t_p=foodgrain-oil-masala&t_s=cl-product-list&t_pos=3&t_ch=desktop,374,291,22
Salt/Uppu - Iodised,https://www.bigbasket.com/pd/236834/aashirvaad-salt-iodised-1-kg-pouch/?nc=cl-product-list&t_pg=l1-cat-food-oil-masala&t_p=foodgrain-oil-masala&t_s=cl-product-list&t_pos=3&t_ch=desktop,28,21,25
"Almond/Badam - Californian, Giri Bold",https://www.bigbasket.com/pd/40088564/bb-royal-almondbadam-californian-giri-1-kg-pouch/?nc=cl-product-list&t_pg=l1-cat-food-oil-masala&t_p=foodgrain-oil-masala&t_s=cl-product-list&t_pos=3&t_ch=desktop,1500,986,34
Chana Dal/Kadale Bele,https://www.bigbasket.com/pd/40042839/bb-popular-channa-dal-2-kg-pouch/?nc=cl-product-list&t_pg=l1-cat-food-oil-masala&t_p=foodgrain-oil-masala&t_s=cl-product-list&t_pos=3&t_ch=desktop,230,187,19
Nakshatra Pooja Oil,https://www.bigbasket.com/pd/40141960/mr-gold-nakshatra-pooja-oil-500-ml/?nc=cl-product-list&t_pg=l1-cat-food-oil-masala&t_p=foodgrain-oil-masala&t_s=cl-product-list&t_pos=3&t_ch=desktop,105,89,15
Organic - Byadagi Chilli Whole,https://www.bigbasket.com/pd/40176641/bb-royal-organic-byadagi-chilli-whole-200-g/?nc=cl-product-list&t_pg=l1-cat-food-oil-masala&t_p=foodgrain-oil-masala&t_s=cl-product-list&t_pos=3&t_ch=desktop,199,173,13
Saffola Gold - Pro Healthy Lifestyle Edible Oil 2x5L Jar + BB Popular Sugar 5kg,https://www.bigbasket.com/pd/1208231/bb-combo-saffola-gold-pro-healthy-lifestyle-edible-oil-2x5l-jar-bb-popular-sugar-5kg-combo/?nc=cl-product-list&t_pg=l1-cat-food-oil-masala&t_p=foodgrain-oil-masala&t_s=cl-product-list&t_pos=3&t_ch=desktop,0,Rs,0
Walnut/Akhrot - Kernels,https://www.bigbasket.com/pd/10000537/bb-popular-walnutakhrot-kernels-chile-200-g-pouch/?nc=cl-product-list&t_pg=l1-cat-food-oil-masala&t_p=foodgrain-oil-masala&t_s=cl-product-list&t_pos=3&t_ch=desktop,360,278,23
Iodised Crystal Salt/Uppu,https://www.bigbasket.com/pd/40017970/tata-salt-iodised-crystal-salt-1-kg/?nc=cl-product-list&t_pg=l1-cat-food-oil-masala&t_p=foodgrain-oil-masala&t_s=cl-product-list&t_pos=3&t_ch=desktop,22,17.50,20
Besan Fine/Kadale Hittu,https://www.bigbasket.com/pd/30000155/bb-royal-besan-flour-1-kg-pouch/?nc=cl-product-list&t_pg=l1-cat-food-oil-masala&t_p=foodgrain-oil-masala&t_s=cl-product-list&t_pos=3&t_ch=desktop,150,90,40
Organic Black Pepper/Kari Menasui,https://www.bigbasket.com/pd/40072464/bb-royal-organic-black-pepperkali-mirchi-100-g/?nc=cl-product-list&t_pg=l1-cat-food-oil-masala&t_p=foodgrain-oil-masala&t_s=cl-product-list&t_pos=3&t_ch=desktop,120,99,18
Organic Black Pepper/Kari Menasui,https://www.bigbasket.com/pd/40072464/bb-royal-organic-black-pepperkali-mirchi-100-g/?nc=cl-product-list&t_pg=l1-cat-food-oil-masala&t_p=foodgrain-oil-masala&t_s=cl-product-list&t_pos=3&t_ch=desktop,120,99,18
Raisins/Ona Drakshi - Indian,https://www.bigbasket.com/pd/40021404/bb-popular-raisinskishmish-indian-1-kg-pouch/?nc=cl-product-list&t_pg=l1-cat-food-oil-masala&t_p=foodgrain-oil-masala&t_s=cl-product-list&t_pos=3&t_ch=desktop,500,293,41
HMT Kolam Rice/Akki,https://www.bigbasket.com/pd/30000226/bb-royal-hmt-kolam-rice-10-kg-bag/?nc=cl-product-list&t_pg=l1-cat-food-oil-masala&t_p=foodgrain-oil-masala&t_s=cl-product-list&t_pos=3&t_ch=desktop,800,621,22
HMT Kolam Rice/Akki,https://www.bigbasket.com/pd/30010022/bb-royal-hmt-kolam-rice-25-kg-bag/?nc=cl-product-list&t_pg=l1-cat-food-oil-masala&t_p=foodgrain-oil-masala&t_s=cl-product-list&t_pos=3&t_ch=desktop,2000,1550,23
Organic Jaggery/Bella Powder,https://www.bigbasket.com/pd/40186969/bb-royal-organic-jaggery-powder-1-kg-jar/?nc=cl-product-list&t_pg=l1-cat-food-oil-masala&t_p=foodgrain-oil-masala&t_s=cl-product-list&t_pos=3&t_ch=desktop,189,106,44
Pure Ghee,https://www.bigbasket.com/pd/1212854/fresho-pure-ghee-2x1-l/?nc=cl-product-list&t_pg=l1-cat-food-oil-masala&t_p=foodgrain-oil-masala&t_s=cl-product-list&t_pos=3&t_ch=desktop,1600,1375,14
Toor Dal/Arhar Dal - Rich In Protein + Unpolished Urad Dal - Whole 1 Kg,https://www.bigbasket.com/pd/1221502/tata-sampann-toor-dalarhar-dal-rich-in-protein-unpolished-urad-dal-whole-1-kg-combo/?nc=cl-product-list&t_pg=l1-cat-food-oil-masala&t_p=foodgrain-oil-masala&t_s=cl-product-list&t_pos=3&t_ch=desktop,398,324.10,19
Phool Makhana,https://www.bigbasket.com/pd/40133681/bb-popular-phool-makhana-100-g-pouch/?nc=cl-product-list&t_pg=l1-cat-food-oil-masala&t_p=foodgrain-oil-masala&t_s=cl-product-list&t_pos=3&t_ch=desktop,120,80,33
Phool Makhana,https://www.bigbasket.com/pd/40133681/bb-popular-phool-makhana-100-g-pouch/?nc=cl-product-list&t_pg=l1-cat-food-oil-masala&t_p=foodgrain-oil-masala&t_s=cl-product-list&t_pos=3&t_ch=desktop,120,80,33
Mustard/Sasive/Rai - Big,https://www.bigbasket.com/pd/40030811/bb-royal-mustardrai-big-1-kg/?nc=cl-product-list&t_pg=l1-cat-food-oil-masala&t_p=foodgrain-oil-masala&t_s=cl-product-list&t_pos=3&t_ch=desktop,300,161,46
Chana - Kabuli/Kabuli Kadale,https://www.bigbasket.com/pd/40003555/bb-popular-channa-kabuli-200-g-pouch/?nc=cl-product-list&t_pg=l1-cat-food-oil-masala&t_p=foodgrain-oil-masala&t_s=cl-product-list&t_pos=3&t_ch=desktop,53,31,42
Chana - Kabuli/Kabuli Kadale,https://www.bigbasket.com/pd/40003555/bb-popular-channa-kabuli-200-g-pouch/?nc=cl-product-list&t_pg=l1-cat-food-oil-masala&t_p=foodgrain-oil-masala&t_s=cl-product-list&t_pos=3&t_ch=desktop,53,31,42
"Chilli - Byadagi, Stemless",https://www.bigbasket.com/pd/40018893/bb-royal-chilli-byadagi-stemless-500-g/?nc=cl-product-list&t_pg=l1-cat-food-oil-masala&t_p=foodgrain-oil-masala&t_s=cl-product-list&t_pos=3&t_ch=desktop,600,397,34
Jaggery/Bella Round,https://www.bigbasket.com/pd/10000489/bb-royal-jaggery-round-1-kg/?nc=cl-product-list&t_pg=l1-cat-food-oil-masala&t_p=foodgrain-oil-masala&t_s=cl-product-list&t_pos=3&t_ch=desktop,100,77,23
"Organic - Mustard/Sasive/Rai, Small",https://www.bigbasket.com/pd/40135853/bb-royal-organic-mustardrai-small-500-g/?nc=cl-product-list&t_pg=l1-cat-food-oil-masala&t_p=foodgrain-oil-masala&t_s=cl-product-list&t_pos=3&t_ch=desktop,105,95,10
"Toor Dal/Arhar Dal - Rich In Protein, For Homemade Meals + Unpolished Chana Dal",https://www.bigbasket.com/pd/1221500/tata-sampann-toor-dalarhar-dal-rich-in-protein-for-homemade-meals-unpolished-chana-dal-combo/?nc=cl-product-list&t_pg=l1-cat-food-oil-masala&t_p=foodgrain-oil-masala&t_s=cl-product-list&t_pos=3&t_ch=desktop,324,245,24
Powder - Asafoetida,https://www.bigbasket.com/pd/40000620/lg-powder-asafoetida-50-g-bottle/?nc=cl-product-list&t_pg=l1-cat-food-oil-masala&t_p=foodgrain-oil-masala&t_s=cl-product-list&t_pos=3&t_ch=desktop,85,66.50,22
Powder - Asafoetida,https://www.bigbasket.com/pd/40000620/lg-powder-asafoetida-50-g-bottle/?nc=cl-product-list&t_pg=l1-cat-food-oil-masala&t_p=foodgrain-oil-masala&t_s=cl-product-list&t_pos=3&t_ch=desktop,85,66.50,22
Dhara Oil - Mustard (Kachi Ghani) 5 L Can + Get BB Popular Sugar 1 kg,https://www.bigbasket.com/pd/1212181/bb-combo-dhara-oil-mustard-kachi-ghani-5-l-can-get-bb-popular-sugar-1-kg-combo/?nc=cl-product-list&t_pg=l1-cat-food-oil-masala&t_p=foodgrain-oil-masala&t_s=cl-product-list&t_pos=3&t_ch=desktop,1205,925,23
Atta/Godihittu - Chakki Fresh,https://www.bigbasket.com/pd/124657/pillsbury-atta-chakki-fresh-10-kg-pouch/?nc=cl-product-list&t_pg=l1-cat-food-oil-masala&t_p=foodgrain-oil-masala&t_s=cl-product-list&t_pos=3&t_ch=desktop,576,461,20
Sunflower Refined Oil - Sun Lite,https://www.bigbasket.com/pd/1204455/fortune-sunflower-refined-oil-sun-lite-3x910-g/?nc=cl-product-list&t_pg=l1-cat-food-oil-masala&t_p=foodgrain-oil-masala&t_s=cl-product-list&t_pos=3&t_ch=desktop,420,381,39
BB Popular Channa Dal 1 kg + Urad Dal - Split 1 kg+BB Royal Rice - Dosa 2 kg,https://www.bigbasket.com/pd/1206907/bb-combo-bb-popular-channa-dal-1-kg-urad-dal-split-1-kgbb-royal-rice-dosa-2-kg-combo/?nc=cl-product-list&t_pg=l1-cat-food-oil-masala&t_p=foodgrain-oil-masala&t_s=cl-product-list&t_pos=3&t_ch=desktop,435,329,24
Cardamom Green/Elakki,https://www.bigbasket.com/pd/40072499/bb-royal-organic-cardamomelachi-green-50-g/?nc=cl-product-list&t_pg=l1-cat-food-oil-masala&t_p=foodgrain-oil-masala&t_s=cl-product-list&t_pos=3&t_ch=desktop,225,142,37
Cold Pressed Sunflower Cooking Oil - Cooks Indian Dishes,https://www.bigbasket.com/pd/1220933/bb-royal-organic-cold-pressed-sunflower-cooking-oil-cooks-indian-dishes-3x1l/?nc=cl-product-list&t_pg=l1-cat-food-oil-masala&t_p=foodgrain-oil-masala&t_s=cl-product-list&t_pos=3&t_ch=desktop,1290,1020,21
Poha/Avalakki - Medium,https://www.bigbasket.com/pd/40105916/bb-royal-avalakki-medium-1-kg/?nc=cl-product-list&t_pg=l1-cat-food-oil-masala&t_p=foodgrain-oil-masala&t_s=cl-product-list&t_pos=3&t_ch=desktop,100,57,43
Masala - Puliogare Powder,https://www.bigbasket.com/pd/268035/mtr-masala-puliogare-powder-200-g-pouch/?nc=cl-product-list&t_pg=l1-cat-food-oil-masala&t_p=foodgrain-oil-masala&t_s=cl-product-list&t_pos=3&t_ch=desktop,135,110,19
"Cashew/Kaju Whole 500gm + Raisins Indian 500gm+Almond Californian, Giri 500gm",https://www.bigbasket.com/pd/1206894/bb-popular-cashewkaju-whole-500gm-raisins-indian-500gmalmond-californian-giri-500gm-combo/?nc=cl-product-list&t_pg=l1-cat-food-oil-masala&t_p=foodgrain-oil-masala&t_s=cl-product-list&t_pos=3&t_ch=desktop,1600,881,45
"Almond/Badam - Californian, Giri 200gm + Cashew Whole 200gm+Raisins Indian 200gm",https://www.bigbasket.com/pd/1206889/bb-popular-almondbadam-californian-giri-200gm-cashew-whole-200gmraisins-indian-200gm-combo/?nc=cl-product-list&t_pg=l1-cat-food-oil-masala&t_p=foodgrain-oil-masala&t_s=cl-product-list&t_pos=3&t_ch=desktop,640,403,37
Cashew/Kaju Whole Small W320 500g + Raisins/Kishmish - Indian 500g,https://www.bigbasket.com/pd/1202402/bb-popular-cashewkaju-whole-small-w320-500g-raisinskishmish-indian-500g-combo/?nc=cl-product-list&t_pg=l1-cat-food-oil-masala&t_p=foodgrain-oil-masala&t_s=cl-product-list&t_pos=3&t_ch=desktop,1000,547,45
Tamarind/Imli,https://www.bigbasket.com/pd/40067283/bb-popular-tamarindimli-deseeded-1-kg-pouch/?nc=cl-product-list&t_pg=l1-cat-food-oil-masala&t_p=foodgrain-oil-masala&t_s=cl-product-list&t_pos=3&t_ch=desktop,300,223,26
Unpolished Urad Dal - Whole,https://www.bigbasket.com/pd/40017980/tata-sampann-unpolished-urad-dal-whole-500-g-pouch/?nc=cl-product-list&t_pg=l1-cat-food-oil-masala&t_p=foodgrain-oil-masala&t_s=cl-product-list&t_pos=3&t_ch=desktop,100,90,10
"White Thick Poha - High In Fibre, For Breakfast & Evening Tea",https://www.bigbasket.com/pd/40220133/tata-sampann-white-thick-poha-high-in-fibre-1-kg-pouch/?nc=cl-product-list&t_pg=l1-cat-food-oil-masala&t_p=foodgrain-oil-masala&t_s=cl-product-list&t_pos=3&t_ch=desktop,96,81.60,15
Cashew/Godambi - Broken,https://www.bigbasket.com/pd/40112397/bb-popular-cashewkaju-broken-500-g/?nc=cl-product-list&t_pg=l1-cat-food-oil-masala&t_p=foodgrain-oil-masala&t_s=cl-product-list&t_pos=3&t_ch=desktop,600,390,35
Roasted Sooji/Rava,https://www.bigbasket.com/pd/40064889/bb-royal-roasted-soojirava-1-kg-0/?nc=cl-product-list&t_pg=l1-cat-food-oil-masala&t_p=foodgrain-oil-masala&t_s=cl-product-list&t_pos=3&t_ch=desktop,80,56,30
Organic - Sona Masoori Raw Rice/Akki,https://www.bigbasket.com/pd/40072489/bb-royal-organic-sona-masoori-raw-rice-5-kg/?nc=cl-product-list&t_pg=l1-cat-food-oil-masala&t_p=foodgrain-oil-masala&t_s=cl-product-list&t_pos=3&t_ch=desktop,525,347,34
Chiroti/Barik Sooji,https://www.bigbasket.com/pd/40018892/bb-royal-chiroti-sooji-1-kg-pouch/?nc=cl-product-list&t_pg=l1-cat-food-oil-masala&t_p=foodgrain-oil-masala&t_s=cl-product-list&t_pos=3&t_ch=desktop,65,53,18
Sugar Pure & Hygienic 1 kg + BB Royal Basmati Rice Rozana - Premium 5 kg,https://www.bigbasket.com/pd/1221838/madhur-madhur-sugar-pure-hygienic-1-kg-bb-royal-basmati-rice-rozana-premium-5-kg-combo/?nc=cl-product-list&t_pg=l1-cat-food-oil-masala&t_p=foodgrain-oil-masala&t_s=cl-product-list&t_pos=3&t_ch=desktop,635,484,24
Olive Oil For Indian Cooking - Frying & Baking,https://www.bigbasket.com/pd/1211853/borges-olive-oil-extra-light-2x2-l/?nc=cl-product-list&t_pg=l1-cat-food-oil-masala&t_p=foodgrain-oil-masala&t_s=cl-product-list&t_pos=3&t_ch=desktop,5200,2802,46
Anjeer/Figs/Atti Hannu,https://www.bigbasket.com/pd/40112518/bb-popular-anjeer-figs-500-g/?nc=cl-product-list&t_pg=l1-cat-food-oil-masala&t_p=foodgrain-oil-masala&t_s=cl-product-list&t_pos=3&t_ch=desktop,1250,731,42
Sabudana - White Medium,https://www.bigbasket.com/pd/30000215/bb-royal-sabudana-white-medium-1-kg-pouch/?nc=cl-product-list&t_pg=l1-cat-food-oil-masala&t_p=foodgrain-oil-masala&t_s=cl-product-list&t_pos=3&t_ch=desktop,140,113,19
Maida,https://www.bigbasket.com/pd/40044729/bb-royal-maida-2-kg-pouch/?nc=cl-product-list&t_pg=l1-cat-food-oil-masala&t_p=foodgrain-oil-masala&t_s=cl-product-list&t_pos=3&t_ch=desktop,130,89,32
Organic - Cinnamon/Chakke,https://www.bigbasket.com/pd/40075299/bb-royal-organic-cinnamondalchini-20-g/?nc=cl-product-list&t_pg=l1-cat-food-oil-masala&t_p=foodgrain-oil-masala&t_s=cl-product-list&t_pos=3&t_ch=desktop,27,22,19
Sugar - Pure & Hygienic 1 kg + BB Royal Atta With 9 Multigrain 10 kg,https://www.bigbasket.com/pd/1221835/madhur-sugar-pure-hygienic-1-kg-bb-royal-atta-with-9-multigrain-10-kg-combo/?nc=cl-product-list&t_pg=l1-cat-food-oil-masala&t_p=foodgrain-oil-masala&t_s=cl-product-list&t_pos=3&t_ch=desktop,710,570,20
Til/Ellu - White,https://www.bigbasket.com/pd/30009180/bb-royal-til-white-500-g/?nc=cl-product-list&t_pg=l1-cat-food-oil-masala&t_p=foodgrain-oil-masala&t_s=cl-product-list&t_pos=3&t_ch=desktop,250,184,26
Til/Ellu - White,https://www.bigbasket.com/pd/30009180/bb-royal-til-white-500-g/?nc=cl-product-list&t_pg=l1-cat-food-oil-masala&t_p=foodgrain-oil-masala&t_s=cl-product-list&t_pos=3&t_ch=desktop,250,184,26
Phool Makhana,https://www.bigbasket.com/pd/40128952/bb-royal-phool-makhana-200-g/?nc=cl-product-list&t_pg=l1-cat-food-oil-masala&t_p=foodgrain-oil-masala&t_s=cl-product-list&t_pos=3&t_ch=desktop,300,185,38
Rice/Akki Surti Kolam,https://www.bigbasket.com/pd/30000230/bb-royal-rice-surti-kolam-10-kg-bag/?nc=cl-product-list&t_pg=l1-cat-food-oil-masala&t_p=foodgrain-oil-masala&t_s=cl-product-list&t_pos=3&t_ch=desktop,900,739,18
Rice/Akki Surti Kolam,https://www.bigbasket.com/pd/30010023/bb-royal-rice-surti-kolam-25-kg-bag/?nc=cl-product-list&t_pg=l1-cat-food-oil-masala&t_p=foodgrain-oil-masala&t_s=cl-product-list&t_pos=3&t_ch=desktop,2250,1843,18
Refined Sunflower Oil - With Nutri Fresh Technology,https://www.bigbasket.com/pd/274132/gemini-sunflower-oil-with-nutri-fresh-technology-1-l-pouch/?nc=cl-product-list&t_pg=l1-cat-food-oil-masala&t_p=foodgrain-oil-masala&t_s=cl-product-list&t_pos=3&t_ch=desktop,175,141,19
Fennel/Saunf/Sompu - Big,https://www.bigbasket.com/pd/40133697/bb-popular-fennelsaunf-big-100-g/?nc=cl-product-list&t_pg=l1-cat-food-oil-masala&t_p=foodgrain-oil-masala&t_s=cl-product-list&t_pos=3&t_ch=desktop,50,39,22
Himalayan Pink Rock Salt/Uppu Powder,https://www.bigbasket.com/pd/40142905/gooddiet-himalayan-pink-rock-salt-powder-1-kg/?nc=cl-product-list&t_pg=l1-cat-food-oil-masala&t_p=foodgrain-oil-masala&t_s=cl-product-list&t_pos=3&t_ch=desktop,110,85,23
"Atta - Gold 5 kg Pouch + Madhur Sugar - Natural, Sulphur Free 5 kg",https://www.bigbasket.com/pd/1221404/pillsbury-atta-gold-5-kg-pouch-madhur-sugar-natural-sulphur-free-5-kg-combo/?nc=cl-product-list&t_pg=l1-cat-food-oil-masala&t_p=foodgrain-oil-masala&t_s=cl-product-list&t_pos=3&t_ch=desktop,635,463.80,27
Walnut Kernels/Akharot Tukda 200gm + Cashew Whole 500gm + Raisins Indian 500gm,https://www.bigbasket.com/pd/1206899/bb-popular-walnut-kernelsakharot-tukda-200gm-cashew-whole-500gm-raisins-indian-500gm-combo/?nc=cl-product-list&t_pg=l1-cat-food-oil-masala&t_p=foodgrain-oil-masala&t_s=cl-product-list&t_pos=3&t_ch=desktop,1360,825,39
Basmati Rice/Basmati Akki - Rozana Premium,https://www.bigbasket.com/pd/40161711/bb-royal-basmati-rice-rozana-premium-5-kg-pouch/?nc=cl-product-list&t_pg=l1-cat-food-oil-masala&t_p=foodgrain-oil-masala&t_s=cl-product-list&t_pos=3&t_ch=desktop,575,434,25
Rice - Idli 5 Kg + Urad Gota - Whole 2 Kg + Fried Gram/Bengal Gram 500 Gm,https://www.bigbasket.com/pd/1204241/bb-royal-rice-idli-5-kg-urad-gota-whole-2-kg-fried-grambengal-gram-500-gm-combo/?nc=cl-product-list&t_pg=l1-cat-food-oil-masala&t_p=foodgrain-oil-masala&t_s=cl-product-list&t_pos=3&t_ch=desktop,835,612,27
bbPopular Cashew Whole + Almond Californian Giri (100G) + bbRoyal Dry Dates 100G,https://www.bigbasket.com/pd/1206891/bb-combo-bbpopular-cashew-whole-almond-californian-giri-100g-bbroyal-dry-dates-100g-combo/?nc=cl-product-list&t_pg=l1-cat-food-oil-masala&t_p=foodgrain-oil-masala&t_s=cl-product-list&t_pos=3&t_ch=desktop,350,237,32
Maida 1 Kg + Besan Flour 1 Kg + Rice - Flour 1 Kg,https://www.bigbasket.com/pd/1204249/bb-royal-maida-1-kg-besan-flour-1-kg-rice-flour-1-kg-combo/?nc=cl-product-list&t_pg=l1-cat-food-oil-masala&t_p=foodgrain-oil-masala&t_s=cl-product-list&t_pos=3&t_ch=desktop,275,177,36
Organic - Sona Masoori Raw Rice (5 kg)+ Brown Sugar 1 kg +Toor Dal 1 kg,https://www.bigbasket.com/pd/1202083/bb-royal-organic-sona-masoori-raw-rice-5-kg-brown-sugar-1-kg-toor-dal-1-kg-combo/?nc=cl-product-list&t_pg=l1-cat-food-oil-masala&t_p=foodgrain-oil-masala&t_s=cl-product-list&t_pos=3&t_ch=desktop,854,584,32
Filtered Groundnut Oil,https://www.bigbasket.com/pd/274166/safal-filtered-groundnut-oil-1-l-pouch/?nc=cl-product-list&t_pg=l1-cat-food-oil-masala&t_p=foodgrain-oil-masala&t_s=cl-product-list&t_pos=3&t_ch=desktop,205,192,13
"Chilli - Guntur, Stemless",https://www.bigbasket.com/pd/20000442/bb-royal-chilli-guntur-stemless-500-g/?nc=cl-product-list&t_pg=l1-cat-food-oil-masala&t_p=foodgrain-oil-masala&t_s=cl-product-list&t_pos=3&t_ch=desktop,400,269,33
Cow Desi Ghee/Tuppa,https://www.bigbasket.com/pd/1212447/fresho-organic-cow-desi-gheetuppa-2x1-l/?nc=cl-product-list&t_pg=l1-cat-food-oil-masala&t_p=foodgrain-oil-masala&t_s=cl-product-list&t_pos=3&t_ch=desktop,2600,1578,39
Masoor Dal/Mysore Bele,https://www.bigbasket.com/pd/40058665/bb-popular-masoor-dal-200-g/?nc=cl-product-list&t_pg=l1-cat-food-oil-masala&t_p=foodgrain-oil-masala&t_s=cl-product-list&t_pos=3&t_ch=desktop,32,27,16
"Lite - 15% Low Sodium Iodised Salt, Helps Blood Pressure & For Healthy Lifestyle",https://www.bigbasket.com/pd/241601/tata-salt-lite-15-low-sodium-iodised-salt-1-kg-pouch/?nc=cl-product-list&t_pg=l1-cat-food-oil-masala&t_p=foodgrain-oil-masala&t_s=cl-product-list&t_pos=3&t_ch=desktop,50,42,16
Olive Oil - Extra Light 2 L Bottle + Durum Wheat Pasta Penne Rigate 500 g Pouch,https://www.bigbasket.com/pd/1212929/borges-olive-oil-extra-light-2-l-bottle-durum-wheat-pasta-penne-rigate-500-g-pouch-combo/?nc=cl-product-list&t_pg=l1-cat-food-oil-masala&t_p=foodgrain-oil-masala&t_s=cl-product-list&t_pos=3&t_ch=desktop,2899,1529.57,47
Organic - Methi/Menthya,https://www.bigbasket.com/pd/40072477/bb-royal-organic-methi-200-g/?nc=cl-product-list&t_pg=l1-cat-food-oil-masala&t_p=foodgrain-oil-masala&t_s=cl-product-list&t_pos=3&t_ch=desktop,44,37,16
Organic - Methi/Menthya,https://www.bigbasket.com/pd/40072477/bb-royal-organic-methi-200-g/?nc=cl-product-list&t_pg=l1-cat-food-oil-masala&t_p=foodgrain-oil-masala&t_s=cl-product-list&t_pos=3&t_ch=desktop,44,37,16
Poha/Avalakki/Aval/Chivda - Thick 1 kg + Idli Rice 2 kg+ Idli Sooji/Rava 1 kg,https://www.bigbasket.com/pd/1206905/bb-royal-pohaavalakkiavalchivda-thick-1-kg-idli-rice-2-kg-idli-soojirava-1-kg-combo/?nc=cl-product-list&t_pg=l1-cat-food-oil-masala&t_p=foodgrain-oil-masala&t_s=cl-product-list&t_pos=3&t_ch=desktop,290,206,29
Idli Sooji/Rava,https://www.bigbasket.com/pd/20000401/bb-royal-idli-sooji-2-kg-pouch/?nc=cl-product-list&t_pg=l1-cat-food-oil-masala&t_p=foodgrain-oil-masala&t_s=cl-product-list&t_pos=3&t_ch=desktop,120,85,29
"Atta - Multigrain 5 kg Pouch + Madhur Sugar - Natural, Sulphur Free 5 kg",https://www.bigbasket.com/pd/1221406/pillsbury-atta-multigrain-5-kg-pouch-madhur-sugar-natural-sulphur-free-5-kg-combo/?nc=cl-product-list&t_pg=l1-cat-food-oil-masala&t_p=foodgrain-oil-masala&t_s=cl-product-list&t_pos=3&t_ch=desktop,662,481.89,27
Salt/Uppu - Crystal,https://www.bigbasket.com/pd/248005/akar-salt-crystal-1-kg-pouch/?nc=cl-product-list&t_pg=l1-cat-food-oil-masala&t_p=foodgrain-oil-masala&t_s=cl-product-list&t_pos=3&t_ch=desktop,26,15.50,40
Bb Royal Idli Rice (1 kg) + Dosa Rice 1Kg + Whole/Gota Urad 1Kg,https://www.bigbasket.com/pd/1200452/bb-combo-bb-royal-idli-rice-1-kg-dosa-rice-1kg-wholegota-urad-1kg-combo/?nc=cl-product-list&t_pg=l1-cat-food-oil-masala&t_p=foodgrain-oil-masala&t_s=cl-product-list&t_pos=3&t_ch=desktop,335,254,24
Dosa Rice/Akki,https://www.bigbasket.com/pd/40160056/super-saver-dosa-rice-5-kg/?nc=cl-product-list&t_pg=l1-cat-food-oil-masala&t_p=foodgrain-oil-masala&t_s=cl-product-list&t_pos=3&t_ch=desktop,275,204,26
Dosa Rice/Akki,https://www.bigbasket.com/pd/40160056/super-saver-dosa-rice-5-kg/?nc=cl-product-list&t_pg=l1-cat-food-oil-masala&t_p=foodgrain-oil-masala&t_s=cl-product-list&t_pos=3&t_ch=desktop,275,204,26
Organic Cold Pressed Groundnut Cooking Oil,https://www.bigbasket.com/pd/1213799/bb-royal-organic-organic-cold-pressed-groundnut-cooking-oil-2x1l-spout-pack/?nc=cl-product-list&t_pg=l1-cat-food-oil-masala&t_p=foodgrain-oil-masala&t_s=cl-product-list&t_pos=3&t_ch=desktop,890,710,20
"Unpolished Chana Dal - Premium, For Indian Meals, Easy To Cook",https://www.bigbasket.com/pd/40000290/tata-sampann-unpolished-chana-dal-1-kg-pouch/?nc=cl-product-list&t_pg=l1-cat-food-oil-masala&t_p=foodgrain-oil-masala&t_s=cl-product-list&t_pos=3&t_ch=desktop,125,100,20
Bb Royal Red Chilli/Lal Mirch 50Gm + Coriander/Dhania Seeds 500Gm,https://www.bigbasket.com/pd/1200455/bb-combo-bb-royal-red-chillilal-mirch-50gm-corianderdhania-seeds-500gm-combo/?nc=cl-product-list&t_pg=l1-cat-food-oil-masala&t_p=foodgrain-oil-masala&t_s=cl-product-list&t_pos=3&t_ch=desktop,600,368,39
jaggery powder PP,https://www.bigbasket.com/pd/40187967/parrys-amrit-powdered-jaggery-500-g/?nc=cl-product-list&t_pg=l1-cat-food-oil-masala&t_p=foodgrain-oil-masala&t_s=cl-product-list&t_pos=3&t_ch=desktop,55,41,25
Organic - Sugar/Sakkare,https://www.bigbasket.com/pd/40093610/bb-royal-organic-sugar-2-kg/?nc=cl-product-list&t_pg=l1-cat-food-oil-masala&t_p=foodgrain-oil-masala&t_s=cl-product-list&t_pos=3&t_ch=desktop,215,124,42
Bullet Raw Rice,https://www.bigbasket.com/pd/40234013/bb-royal-bullet-raw-rice-aged-cleaned-hygienically-packed-25-kg/?nc=cl-product-list&t_pg=l1-cat-food-oil-masala&t_p=foodgrain-oil-masala&t_s=cl-product-list&t_pos=3&t_ch=desktop,2250,1900,16
Organic Pumpkin Seeds/Kumbalakayi Bija,https://www.bigbasket.com/pd/40089601/bb-royal-organic-pumpkin-seeds-50-g/?nc=cl-product-list&t_pg=l1-cat-food-oil-masala&t_p=foodgrain-oil-masala&t_s=cl-product-list&t_pos=3&t_ch=desktop,52,45,13
Toor/Arhar Dal,https://www.bigbasket.com/pd/10000412/bb-popular-toorarhar-dal-5-kg-pouch/?nc=cl-product-list&t_pg=l1-cat-food-oil-masala&t_p=foodgrain-oil-masala&t_s=cl-product-list&t_pos=3&t_ch=desktop,950,714,25
Green Moong Whole/Hesaru Kaalu - Sabut,https://www.bigbasket.com/pd/20000437/bb-royal-green-moong-wholesabut-1-kg-pouch/?nc=cl-product-list&t_pg=l1-cat-food-oil-masala&t_p=foodgrain-oil-masala&t_s=cl-product-list&t_pos=3&t_ch=desktop,180,144,20
"Atta With 9 Multigrain - High-Fibre & High Protein Soft Rotis, Fortified",https://www.bigbasket.com/pd/40214912/bb-royal-multigrain-atta-10-kg/?nc=cl-product-list&t_pg=l1-cat-food-oil-masala&t_p=foodgrain-oil-masala&t_s=cl-product-list&t_pos=3&t_ch=desktop,650,520,20
"Atta With 9 Multigrain - High-Fibre & High Protein Soft Rotis, Fortified",https://www.bigbasket.com/pd/40214912/bb-royal-multigrain-atta-10-kg/?nc=cl-product-list&t_pg=l1-cat-food-oil-masala&t_p=foodgrain-oil-masala&t_s=cl-product-list&t_pos=3&t_ch=desktop,650,520,20
Toor/Arhar Dal,https://www.bigbasket.com/pd/40159898/super-saver-toorarhar-dal-desi-2-kg-pouch/?nc=cl-product-list&t_pg=l1-cat-food-oil-masala&t_p=foodgrain-oil-masala&t_s=cl-product-list&t_pos=3&t_ch=desktop,370,282,24
Oil - Groundnut,https://www.bigbasket.com/pd/134006/dhara-oil-groundnut-5-l-can/?nc=cl-product-list&t_pg=l1-cat-food-oil-masala&t_p=foodgrain-oil-masala&t_s=cl-product-list&t_pos=3&t_ch=desktop,1300,1141,12
Organic - Ragi Flour,https://www.bigbasket.com/pd/1208909/bb-royal-organic-ragi-flour-2x1-kg/?nc=cl-product-list&t_pg=l1-cat-food-oil-masala&t_p=foodgrain-oil-masala&t_s=cl-product-list&t_pos=3&t_ch=desktop,160,124,23
"Toor/Arhar Dal, 1 kg + Moong Dal, 1 kg + Masoor Dal, 1 kg",https://www.bigbasket.com/pd/1200530/bb-popular-toorarhar-dal-1-kg-moong-dal-1-kg-masoor-dal-1-kg-combo/?nc=cl-product-list&t_pg=l1-cat-food-oil-masala&t_p=foodgrain-oil-masala&t_s=cl-product-list&t_pos=3&t_ch=desktop,530,427,19
Masoor Dal/Mysore Bele,https://www.bigbasket.com/pd/40058664/bb-royal-masoor-dal-200-g/?nc=cl-product-list&t_pg=l1-cat-food-oil-masala&t_p=foodgrain-oil-masala&t_s=cl-product-list&t_pos=3&t_ch=desktop,37,28,24
Amrit - Brown Sugar/Sakkare,https://www.bigbasket.com/pd/40052563/parrys-brown-sugar-500-g/?nc=cl-product-list&t_pg=l1-cat-food-oil-masala&t_p=foodgrain-oil-masala&t_s=cl-product-list&t_pos=3&t_ch=desktop,50,41,18
Besan/Kadale Hittu - Fine,https://www.bigbasket.com/pd/40124987/tata-sampann-besan-fine-200-g-0/?nc=cl-product-list&t_pg=l1-cat-food-oil-masala&t_p=foodgrain-oil-masala&t_s=cl-product-list&t_pos=3&t_ch=desktop,0,Rs,0
Fine Besan/Kadale Hittu - 100% Chana Dal,https://www.bigbasket.com/pd/20005214/tata-sampann-100-chana-dalfine-besan-1-kg-0/?nc=cl-product-list&t_pg=l1-cat-food-oil-masala&t_p=foodgrain-oil-masala&t_s=cl-product-list&t_pos=3&t_ch=desktop,125,97,22
Palakkad Red Matta Boiled Rice - Unda,https://www.bigbasket.com/pd/40295239/bb-royal-palakkad-red-matta-boiled-rice-unda-26-kg-bag/?nc=cl-product-list&t_pg=l1-cat-food-oil-masala&t_p=foodgrain-oil-masala&t_s=cl-product-list&t_pos=3&t_ch=desktop,1850,1345,27
Organic - Green Moong Whole/Hesaru Kaalu,https://www.bigbasket.com/pd/40135845/bb-royal-organic-green-moong-whole-2-kg/?nc=cl-product-list&t_pg=l1-cat-food-oil-masala&t_p=foodgrain-oil-masala&t_s=cl-product-list&t_pos=3&t_ch=desktop,355,275,23
Rice/Akki - Jeera/Jeeraga Samba,https://www.bigbasket.com/pd/40128944/bb-royal-rice-jeerajeeraga-samba-5-kg/?nc=cl-product-list&t_pg=l1-cat-food-oil-masala&t_p=foodgrain-oil-masala&t_s=cl-product-list&t_pos=3&t_ch=desktop,650,481,26
Turmeric Powder/Arisina Pudi,https://www.bigbasket.com/pd/268037/mtr-powder-turmeric-100-g-pouch/?nc=cl-product-list&t_pg=l1-cat-food-oil-masala&t_p=foodgrain-oil-masala&t_s=cl-product-list&t_pos=3&t_ch=desktop,0,Rs,0
Maida,https://www.bigbasket.com/pd/40159986/super-saver-maida-1-kg-0/?nc=cl-product-list&t_pg=l1-cat-food-oil-masala&t_p=foodgrain-oil-masala&t_s=cl-product-list&t_pos=3&t_ch=desktop,62,44,29
Refined Oil - Rice Bran,https://www.bigbasket.com/pd/40013921/mr-gold-refined-oil-rice-bran-1-l-pouch/?nc=cl-product-list&t_pg=l1-cat-food-oil-masala&t_p=foodgrain-oil-masala&t_s=cl-product-list&t_pos=3&t_ch=desktop,150,116,23
bbRoyal Pista Kernel+ Dry Dates (100G)+ bbPopular Cashew+Raisins+Almond (100G),https://www.bigbasket.com/pd/1206890/bb-combo-bbroyal-pista-kernel-dry-dates-100g-bbpopular-cashewraisinsalmond-100g-combo/?nc=cl-product-list&t_pg=l1-cat-food-oil-masala&t_p=foodgrain-oil-masala&t_s=cl-product-list&t_pos=3&t_ch=desktop,700,567,19
Jaggery/Bella - Kolhapuri,https://www.bigbasket.com/pd/40097131/bb-royal-jaggery-kolhapuri-450-g/?nc=cl-product-list&t_pg=l1-cat-food-oil-masala&t_p=foodgrain-oil-masala&t_s=cl-product-list&t_pos=3&t_ch=desktop,72,43,40
Wheat Dalia/Lapsi rava,https://www.bigbasket.com/pd/40026597/bb-royal-wheat-brokendalia-1-kg-pouch/?nc=cl-product-list&t_pg=l1-cat-food-oil-masala&t_p=foodgrain-oil-masala&t_s=cl-product-list&t_pos=3&t_ch=desktop,80,56,30
"Tamarind + Coriander Seeds +Red Chilli/Lal Mirch, Guntur Chilli Stemless (500G)",https://www.bigbasket.com/pd/1206903/bb-royal-tamarind-coriander-seeds-red-chillilal-mirch-guntur-chilli-stemless-500g-combo/?nc=cl-product-list&t_pg=l1-cat-food-oil-masala&t_p=foodgrain-oil-masala&t_s=cl-product-list&t_pos=3&t_ch=desktop,850,523,38
Organic - Sona Masoori Raw Rice (10 kg) +Toor Dal 1kg + Sugar 1kg,https://www.bigbasket.com/pd/1204989/bb-royal-organic-sona-masoori-raw-rice-10-kg-toor-dal-1kg-sugar-1kg-combo/?nc=cl-product-list&t_pg=l1-cat-food-oil-masala&t_p=foodgrain-oil-masala&t_s=cl-product-list&t_pos=3&t_ch=desktop,1245,899,28
"Organic - Moong Dal/Hesaru Bele, Unpolished",https://www.bigbasket.com/pd/40109378/bb-royal-organic-moong-dal-unpolished-2-kg/?nc=cl-product-list&t_pg=l1-cat-food-oil-masala&t_p=foodgrain-oil-masala&t_s=cl-product-list&t_pos=3&t_ch=desktop,449,305,32
Horse Gram/Hurali Kaalu,https://www.bigbasket.com/pd/10000562/bb-royal-horse-gramkulthi-200-g-pouch/?nc=cl-product-list&t_pg=l1-cat-food-oil-masala&t_p=foodgrain-oil-masala&t_s=cl-product-list&t_pos=3&t_ch=desktop,30,26,13
Ragi Flour/Ragi Hittu,https://www.bigbasket.com/pd/40159970/super-saver-ragi-flour-1-kg/?nc=cl-product-list&t_pg=l1-cat-food-oil-masala&t_p=foodgrain-oil-masala&t_s=cl-product-list&t_pos=3&t_ch=desktop,90,43,52
Black Raisins/Ona Drakshi - Seedless,https://www.bigbasket.com/pd/10000532/bb-royal-raisinskishmish-seedless-200-g-pouch/?nc=cl-product-list&t_pg=l1-cat-food-oil-masala&t_p=foodgrain-oil-masala&t_s=cl-product-list&t_pos=3&t_ch=desktop,120,99,18
Organic - Chia Seeds,https://www.bigbasket.com/pd/40109382/bb-royal-organic-chia-seeds-100-g/?nc=cl-product-list&t_pg=l1-cat-food-oil-masala&t_p=foodgrain-oil-masala&t_s=cl-product-list&t_pos=3&t_ch=desktop,107,69,36
Basmati Rice/Basmati Akki - Dubar,https://www.bigbasket.com/pd/280154/india-gate-basmati-rice-dubar-1-kg-pouch/?nc=cl-product-list&t_pg=l1-cat-food-oil-masala&t_p=foodgrain-oil-masala&t_s=cl-product-list&t_pos=3&t_ch=desktop,159,130,18
"Toor/Arhar Dal 2 kg + Moong Dal 1 kg+Moong - Green, Whole/Sabut 1 kg",https://www.bigbasket.com/pd/1206906/bb-popular-toorarhar-dal-2-kg-moong-dal-1-kgmoong-green-wholesabut-1-kg-combo/?nc=cl-product-list&t_pg=l1-cat-food-oil-masala&t_p=foodgrain-oil-masala&t_s=cl-product-list&t_pos=3&t_ch=desktop,740,576,22
Rice Bran Health Physically Refined Rice Bran Oil - Contains Natural Oryzanol & Natural Vitamins,https://www.bigbasket.com/pd/40087182/sunpure-rice-bran-oil-5-l-can/?nc=cl-product-list&t_pg=l1-cat-food-oil-masala&t_p=foodgrain-oil-masala&t_s=cl-product-list&t_pos=3&t_ch=desktop,1050,699,33
Superlite Advanced Oil - Sunflower,https://www.bigbasket.com/pd/40126154/sundrop-superlite-advanced-oil-sunflower-3-l-can/?nc=cl-product-list&t_pg=l1-cat-food-oil-masala&t_p=foodgrain-oil-masala&t_s=cl-product-list&t_pos=3&t_ch=desktop,669,623,46
Organic - Jowar Flour/Jolada Hittu,https://www.bigbasket.com/pd/40076866/bb-royal-organic-jowar-flour-500-g/?nc=cl-product-list&t_pg=l1-cat-food-oil-masala&t_p=foodgrain-oil-masala&t_s=cl-product-list&t_pos=3&t_ch=desktop,46,39,15
Organic - Jowar Flour/Jolada Hittu,https://www.bigbasket.com/pd/40076866/bb-royal-organic-jowar-flour-500-g/?nc=cl-product-list&t_pg=l1-cat-food-oil-masala&t_p=foodgrain-oil-masala&t_s=cl-product-list&t_pos=3&t_ch=desktop,46,39,15
Chakki-Fresh-Wheat-Atta/Godihittu - Fortified,https://www.bigbasket.com/pd/40099240/bb-royal-chakki-fresh-wheat-atta-fortified-5-kg/?nc=cl-product-list&t_pg=l1-cat-food-oil-masala&t_p=foodgrain-oil-masala&t_s=cl-product-list&t_pos=3&t_ch=desktop,290,241,17
Walnut/Akhrot- Kernels,https://www.bigbasket.com/pd/10000538/bb-royal-walnutakhrot-kernels-chile-200-g-vacuum-packed/?nc=cl-product-list&t_pg=l1-cat-food-oil-masala&t_p=foodgrain-oil-masala&t_s=cl-product-list&t_pos=3&t_ch=desktop,400,331,17
"Sona Masuri Raw Rice/Akki - 12 Months, Pesticide Free",https://www.bigbasket.com/pd/20003060/safe-harvest-sona-masuri-raw-rice-12-months-pesticide-free-5-kg/?nc=cl-product-list&t_pg=l1-cat-food-oil-masala&t_p=foodgrain-oil-masala&t_s=cl-product-list&t_pos=3&t_ch=desktop,455,432.25,23
"Gold Atta Sharbati Atta, 100% MP Whole Wheat",https://www.bigbasket.com/pd/40254869/pillsbury-gold-atta-made-from-sharbati-wheat-finger-tear-softness-packed-with-nutrients-1-kg/?nc=cl-product-list&t_pg=l1-cat-food-oil-masala&t_p=foodgrain-oil-masala&t_s=cl-product-list&t_pos=3&t_ch=desktop,72,45.36,37
bb Royal Rice Surti Kolam (5 kg) + Sunrich Refined 1l*3 + bb Royal Sugar 5kg,https://www.bigbasket.com/pd/1202069/bb-combo-bb-royal-rice-surti-kolam-5-kg-sunrich-refined-1l3-bb-royal-sugar-5kg-combo/?nc=cl-product-list&t_pg=l1-cat-food-oil-masala&t_p=foodgrain-oil-masala&t_s=cl-product-list&t_pos=3&t_ch=desktop,1332,962,28
Mustard/Sasive/Rai - Small,https://www.bigbasket.com/pd/40085058/bb-popular-mustardrai-small-500-g/?nc=cl-product-list&t_pg=l1-cat-food-oil-masala&t_p=foodgrain-oil-masala&t_s=cl-product-list&t_pos=3&t_ch=desktop,150,57.50,62
Tamil Ponni Boiled Rice - 12 - 17 Months Old,https://www.bigbasket.com/pd/40295241/bb-royal-tamil-ponni-boiled-rice-12-17-months-old-26-kg-bag/?nc=cl-product-list&t_pg=l1-cat-food-oil-masala&t_p=foodgrain-oil-masala&t_s=cl-product-list&t_pos=3&t_ch=desktop,2000,1544,23
Tamil Ponni Boiled Rice - 12 - 17 Months Old,https://www.bigbasket.com/pd/40295241/bb-royal-tamil-ponni-boiled-rice-12-17-months-old-26-kg-bag/?nc=cl-product-list&t_pg=l1-cat-food-oil-masala&t_p=foodgrain-oil-masala&t_s=cl-product-list&t_pos=3&t_ch=desktop,2000,1544,23
Tamil Ponni Boiled Rice - 12 - 17 Months Old,https://www.bigbasket.com/pd/40295241/bb-royal-tamil-ponni-boiled-rice-12-17-months-old-26-kg-bag/?nc=cl-product-list&t_pg=l1-cat-food-oil-masala&t_p=foodgrain-oil-masala&t_s=cl-product-list&t_pos=3&t_ch=desktop,2000,1544,23
"bbPopular Almond Californian, Giri + Raisins Indian + bbRoyal Dry Dates (100 gm)",https://www.bigbasket.com/pd/1206893/bb-combo-bbpopular-almond-californian-giri-raisins-indian-bbroyal-dry-dates-100-gm-combo/?nc=cl-product-list&t_pg=l1-cat-food-oil-masala&t_p=foodgrain-oil-masala&t_s=cl-product-list&t_pos=3&t_ch=desktop,250,173,31
Organic - Cashew/Kaju Whole 100g + Almond/Badam 100g + Raisin/Kismis 100g,https://www.bigbasket.com/pd/1202086/bb-royal-organic-cashewkaju-whole-100g-almondbadam-100g-raisinkismis-100g-combo/?nc=cl-product-list&t_pg=l1-cat-food-oil-masala&t_p=foodgrain-oil-masala&t_s=cl-product-list&t_pos=3&t_ch=desktop,359,283,21
Organic Kabuli Chana/Kabuli Kadale,https://www.bigbasket.com/pd/40098409/bb-royal-organic-kabuli-chanachanna-1-kg/?nc=cl-product-list&t_pg=l1-cat-food-oil-masala&t_p=foodgrain-oil-masala&t_s=cl-product-list&t_pos=3&t_ch=desktop,251,218,13
Organic - Chana Brown/Kadale Kaalu,https://www.bigbasket.com/pd/40081586/bb-royal-organic-brown-chanachanna-brown-200-g/?nc=cl-product-list&t_pg=l1-cat-food-oil-masala&t_p=foodgrain-oil-masala&t_s=cl-product-list&t_pos=3&t_ch=desktop,33,20,39
Oil - Groundnut,https://www.bigbasket.com/pd/40127032/freedom-oil-groundnut-1-l/?nc=cl-product-list&t_pg=l1-cat-food-oil-masala&t_p=foodgrain-oil-masala&t_s=cl-product-list&t_pos=3&t_ch=desktop,0,Rs,0
